<?xml version="1.0" encoding="UTF-8"?>
<window>
  <coordinates>
    <top>0</top>
    <left>0</left>
    <width>1920</width>
    <height>1080</height>
  </coordinates>
  <controls>
    <control type="image">
      <width>1920</width>
      <height>1080</height>
      <texture background="true" colordiffuse="FF000000">white.png</texture>
    </control>
    <control type="image">
      <width>1920</width>
      <height>1080</height>
      <texture background="true" colordiffuse="33FFFFFF">$INFO[Window.Property(item.art.fanart)]</texture>
    </control>
    <control type="group">
      <top>30</top>
      <left>10</left>
      <right>60</right>
      <bottom>30</bottom>
      <control id="5000" type="fixedlist">
        <top>60</top>
        <height>930</height>
        <movement>3</movement>
        <focusposition>3</focusposition>
        <onright>5005</onright>
        <itemlayout height="116" width="1460">
          <control type="image">
            <colordiffuse>$INFO[ListItem.Property(item.colored)]</colordiffuse>
            <texture>dialogs/list-unfocus.png</texture>
            <bordersize>6</bordersize>
            <visible>!String.IsEmpty(ListItem.Property(item.colored))</visible>
          </control>
          <control type="image">
            <colordiffuse>$INFO[Window.Property(item.colored.default)]</colordiffuse>
            <texture>dialogs/list-unfocus.png</texture>
            <bordersize>6</bordersize>
            <visible>String.IsEmpty(ListItem.Property(item.colored))</visible>
          </control>
          <control type="label">
            <left>6</left>
            <aligny>center</aligny>
            <align>center</align>
            <height>116</height>
            <width>270</width>
            <font>font27</font>
            <textcolor>B3FFFFFF</textcolor>
            <!-- :translate=false: -->
            <label>$INFO[ListItem.Property(item.quality), [COLOR ffffffff][UPPERCASE][B],[/B][/UPPERCASE][/COLOR]]$INFO[ListItem.Property(item.provider), [UPPERCASE][B],[/B][/UPPERCASE]][CR]$INFO[ListItem.Property(item.on_account_expires), (,)]</label>
          </control>
          <control type="group">
            <left>300</left>
            <width>1140</width>
            <control type="label">
              <top>20</top>
              <aligny>top</aligny>
              <font>font10</font>
              <textcolor>B3FFFFFF</textcolor>
              <scrollspeed>50</scrollspeed>
              <!-- :translate=false: -->
              <label>$INFO[ListItem.Property(item.language), [UPPERCASE][B][COLOR ffffffff],[/COLOR][/B][/UPPERCASE] |]$INFO[ListItem.Property(item.info2), [UPPERCASE][B],[/B][/UPPERCASE]]$INFO[ListItem.Property(item.info), [UPPERCASE][B],[/B][/UPPERCASE]]</label>
            </control>
            <control type="label">
              <top>60</top>
              <aligny>top</aligny>
              <font>font10</font>
              <textcolor>B3FFFFFF</textcolor>
              <!-- :translate=false: -->
              <label>$INFO[ListItem.Property(item.source),[B][UPPERCASE][COLOR ffffffff],[/COLOR][/UPPERCASE][/B]]$INFO[ListItem.Property(item.id),[LIGHT]: ,[/LIGHT]]</label>
            </control>
            <control type="image">
              <right>10</right>
              <top>15</top>
              <aligny>center</aligny>
              <align>center</align>
              <height>85</height>
              <width>85</width>
              <!-- :translate=false: -->
              <texture>$INFO[ListItem.Property(item.icon)]</texture>
              <visible>!String.IsEmpty(ListItem.Property(item.icon))</visible>
            </control>
          </control>
        </itemlayout>
        <focusedlayout height="116" width="1460">
          <control type="image">
            <colordiffuse>$INFO[ListItem.Property(item.colored)]</colordiffuse>
            <texture>dialogs/list-focus.png</texture>
            <bordersize>6</bordersize>
            <visible>!String.IsEmpty(ListItem.Property(item.colored))</visible>
          </control>
          <control type="image">
            <colordiffuse>$INFO[Window.Property(item.colored.default)]</colordiffuse>
            <texture>dialogs/list-focus.png</texture>
            <bordersize>6</bordersize>
            <visible>String.IsEmpty(ListItem.Property(item.colored))</visible>
          </control>
          <control type="label">
            <left>6</left>
            <aligny>center</aligny>
            <align>center</align>
            <height>116</height>
            <width>270</width>
            <font>font27</font>
            <textcolor>B3FFFFFF</textcolor>
            <!-- :translate=false: -->
            <label>$INFO[ListItem.Property(item.quality), [COLOR ffffffff][UPPERCASE][B],[/B][/UPPERCASE][/COLOR]]$INFO[ListItem.Property(item.provider), [UPPERCASE][B],[/B][/UPPERCASE]][CR]$INFO[ListItem.Property(item.on_account_expires), (,)]</label>
          </control>
          <control type="group">
            <left>300</left>
            <width>1140</width>
            <control type="label">
              <top>20</top>
              <aligny>top</aligny>
              <font>font10</font>
              <textcolor>B3FFFFFF</textcolor>
              <scrollspeed>50</scrollspeed>
              <!-- :translate=false: -->
              <label>$INFO[ListItem.Property(item.language), [UPPERCASE][B][COLOR ffffffff],[/COLOR][/B][/UPPERCASE] |]$INFO[ListItem.Property(item.info2), [UPPERCASE][B],[/B][/UPPERCASE]]$INFO[ListItem.Property(item.info), [UPPERCASE][B],[/B][/UPPERCASE]]</label>
            </control>
            <control type="label">
              <top>60</top>
              <aligny>top</aligny>
              <scrollspeed>50</scrollspeed>
              <font>font10</font>
              <textcolor>B3FFFFFF</textcolor>
              <!-- :translate=false: -->
              <label>$INFO[ListItem.Property(item.source),[B][UPPERCASE][COLOR ffffffff],[/COLOR][/UPPERCASE][/B]]$INFO[ListItem.Property(item.id),[LIGHT]: ,[/LIGHT]]</label>
            </control>
          </control>
          <control type="image">
            <right>30</right>
            <top>15</top>
            <aligny>center</aligny>
            <align>center</align>
            <height>85</height>
            <width>85</width>
            <!-- :translate=false: -->
            <texture>$INFO[ListItem.Property(item.icon)]</texture>
            <visible>!String.IsEmpty(ListItem.Property(item.icon))</visible>
          </control>
        </focusedlayout>
      </control>
      <control type="group">
        <control type="label">
          <aligny>top</aligny>
          <align>center</align>
          <textcolor>B3FFFFFF</textcolor>
          <font>font37</font>
          <!-- :translate=false: -->
          <label>$INFO[Window.Property(item.tvshowtitle), [B], [/B]]$INFO[Window.Property(item.year), [B](,) [/B] - ]$INFO[Window.Property(item.title), [B], [/B]]$INFO[Window.Property(item.season), [B](s0,[/B]]$INFO[Window.Property(item.episode), [B]e,)[/B]]</label>
          <visible>!String.IsEmpty(Window.Property(item.tvshowtitle)) + Integer.IsLess(Window.Property(item.season),10) + !Integer.IsLess(Window.Property(item.episode),10)</visible>
        </control>
        <control type="label">
          <aligny>top</aligny>
          <align>center</align>
          <textcolor>B3FFFFFF</textcolor>
          <font>font37</font>
          <!-- :translate=false: -->
          <label>$INFO[Window.Property(item.tvshowtitle), [B], [/B]]$INFO[Window.Property(item.year), [B](,) [/B] - ]$INFO[Window.Property(item.title), [B], [/B]]$INFO[Window.Property(item.season), [B](s0,[/B]]$INFO[Window.Property(item.episode), [B]e0,)[/B]]</label>
          <visible>!String.IsEmpty(Window.Property(item.tvshowtitle)) + Integer.IsLess(Window.Property(item.season),10) + Integer.IsLess(Window.Property(item.episode),10)</visible>
        </control>
        <control type="label">
          <aligny>top</aligny>
          <align>center</align>
          <textcolor>B3FFFFFF</textcolor>
          <font>font37</font>
          <!-- :translate=false: -->
          <label>$INFO[Window.Property(item.tvshowtitle), [B], [/B]]$INFO[Window.Property(item.year), [B](,) [/B] - ]$INFO[Window.Property(item.title), [B], [/B]]$INFO[Window.Property(item.season), [B](s,[/B]]$INFO[Window.Property(item.episode), [B]e,)[/B]]</label>
          <visible>!String.IsEmpty(Window.Property(item.tvshowtitle)) + !Integer.IsLess(Window.Property(item.season),10) + !Integer.IsLess(Window.Property(item.episode),10)</visible>
        </control>
        <control type="label">
          <aligny>top</aligny>
          <align>center</align>
          <textcolor>B3FFFFFF</textcolor>
          <font>font37</font>
          <!-- :translate=false: -->
          <label>$INFO[Window.Property(item.tvshowtitle), [B], [/B]]$INFO[Window.Property(item.year), [B](,) [/B] - ]$INFO[Window.Property(item.title), [B], [/B]]$INFO[Window.Property(item.season), [B](s,[/B]]$INFO[Window.Property(item.episode), [B]e0,)[/B]]</label>
          <visible>!String.IsEmpty(Window.Property(item.tvshowtitle)) + !Integer.IsLess(Window.Property(item.season),10) + Integer.IsLess(Window.Property(item.episode),10)</visible>
        </control>
        <control type="label">
          <aligny>top</aligny>
          <align>center</align>
          <textcolor>B3FFFFFF</textcolor>
          <font>font37</font>
          <!-- :translate=false: -->
          <label>$INFO[Window.Property(item.title), [B], [/B]]$INFO[Window.Property(item.year), [B](,) [/B]]</label>
          <visible>String.IsEmpty(Window.Property(item.tvshowtitle))</visible>
        </control>
        <control type="image">
          <width>450</width>
          <height>600</height>
          <top>30</top>
          <right>-60</right>
          <bottom>310</bottom>
          <aspectratio>keep</aspectratio>
          <texture border="6" diffuse="diffuse/poster.png">$INFO[Window.Property(item.art.poster)]</texture>
          <bordertexture border="6">diffuse/poster-border.png</bordertexture>
          <bordersize>31</bordersize>
        </control>
        <control type="group">
          <right>0</right>
          <width>460</width>
          <control type="grouplist">
            <top>680</top>
            <left>120</left>
            <orientation>vertical</orientation>
            <itemgap>35</itemgap>
            <control type="label">
              <align>center</align>
              <textcolor>B3FFFFFF</textcolor>
              <font>font10</font>
              <height>25</height>
              <label>$ADDON[plugin.video.fanfilm3 30111]</label>
            </control>
            <control type="label">
              <align>center</align>
              <textcolor>B3FFFFFF</textcolor>
              <font>font10</font>
              <height>25</height>
              <label>$ADDON[plugin.video.fanfilm3 30112]</label>
            </control>
            <control type="label">
              <align>center</align>
              <textcolor>$INFO[Window(10000).Property(fanfilm.sources_dialog.info.index.color)]</textcolor>
              <font>font10</font>
              <height>25</height>
              <label>$ADDON[plugin.video.fanfilm3 30113]</label>
            </control>
          </control>
        </control>
        <control type="button" id="5005">
          <texturenofocus border="6">dialogs/button-nofocus.png</texturenofocus>
          <texturefocus border="6">dialogs/button-focus.png</texturefocus>
          <align>center</align>
          <font>font10</font>
          <textcolor>B3FFFFFF</textcolor>
          <label>$ADDON[plugin.video.fanfilm3 30114]</label>
          <onleft>5000</onleft>
          <width>350</width>
          <height>70</height>
          <right>-15</right>
          <top>910</top>
        </control>
      </control>
    </control>
  </controls>
</window>